4,2013209401,Tue Jun 02 22:09:02 PDT 2009,NO_QUERY,justinakoh,wooo chix rice! 
4,1932412312,Tue May 26 21:24:58 PDT 2009,NO_QUERY,karajacinta,there was moonshine involved in that last tweet  happy 2 be with @moonspi @rosenzweig
0,2264631528,Sun Jun 21 04:28:40 PDT 2009,NO_QUERY,andychong9,Dad having fever again.. Not looking too good 
4,1691014727,Sun May 03 16:54:02 PDT 2009,NO_QUERY,lexiibettinger,owwwwwww damn my brother smacked my back and i have a slight sun burn on my back lets jsut say i got even i smacked him in the face 
0,2266892916,Sun Jun 21 09:16:29 PDT 2009,NO_QUERY,missmoose313,OMJ... my birthday is in 2 weeks exactally! :/ im not ready!! and that means summers almost over! 
0,1572842130,Mon Apr 20 22:45:11 PDT 2009,NO_QUERY,meganhurley,@lindseliz tweet tweet! why can't i write on your wall? 
4,1554525425,Sat Apr 18 17:14:06 PDT 2009,NO_QUERY,L_Hutch,"I'm up late, drinking pineapple juice from the carton and fantasizing about moving in with Matt and what to name the cat. "
0,1556550702,Sat Apr 18 23:17:26 PDT 2009,NO_QUERY,griffmiester,"Oh noes. I just found out why Cons Skate shoes are so hard to find. Financial issues, and bought out by Nike. "
4,1989085079,Mon Jun 01 00:17:47 PDT 2009,NO_QUERY,BeccaSmalldon,"@dizzyglitters yes, but.... Smile  cause ima going to come see you next year!!!!"
0,2235765879,Fri Jun 19 02:01:18 PDT 2009,NO_QUERY,pretty_paws,"@alisonrothwell Hi Ali, I can only DM you if you follow me  sucks huh? PM me through EKM if you like. Gaz"
0,2191270369,Tue Jun 16 04:54:54 PDT 2009,NO_QUERY,vanessachelsea,"ow, i can't move my neck or my back   hurts too much and i don't know why D:"
4,1971030594,Sat May 30 06:00:39 PDT 2009,NO_QUERY,sagopal,RK Narayan was so impressed with Mallleswaram and Basavanagudi that Malgudi was derived from these two names - good to know 
0,2179518179,Mon Jun 15 09:12:48 PDT 2009,NO_QUERY,meechi_blue,@IRe_laNd 
0,1823219127,Sat May 16 21:24:13 PDT 2009,NO_QUERY,MsBailes,"I just wanna fall asleep, why do you call randomly and mess up my brain process for a night?!! I just want my serenity back "
0,1573661749,Tue Apr 21 02:14:20 PDT 2009,NO_QUERY,ANTD123,@_supernatural_ Hi ;) can u tell me if u have managed to mail them things yet? i have tried emailing u but with no luck 
0,2179596492,Mon Jun 15 09:19:16 PDT 2009,NO_QUERY,DJMissfrenchie,"Been working hard. London had glorious weather, came back to Kent and it was raining "
4,2052808460,Sat Jun 06 02:06:12 PDT 2009,NO_QUERY,alun_vega,"Hooray! The rain's back. Feels like *my* Cardiff again now, not some parallel sunny universe "
4,1975614095,Sat May 30 15:31:50 PDT 2009,NO_QUERY,spacejamshop,Campari + orange juice...what can be better? 
4,1971219869,Sat May 30 06:32:49 PDT 2009,NO_QUERY,chibadgirl,@GirlTalkNYC love ur show and ur name. 
4,1993645370,Mon Jun 01 10:42:32 PDT 2009,NO_QUERY,naomiftw,"off to the co-op to buy dinner. rice, chicken and white wine sauce i think "
0,2208991103,Wed Jun 17 09:52:44 PDT 2009,NO_QUERY,thisgrrrl,@hughsbeautiful How did you ge 3.0??  I can't get it yet... This makes me upset... do I need to get iTunes 8.2?
0,1976810935,Sat May 30 19:08:44 PDT 2009,NO_QUERY,scienceofsleep,@amytheallen no... 19  I'd assume they'd check if I actually DID win something
4,2001330174,Tue Jun 02 00:32:11 PDT 2009,NO_QUERY,evilshandar,my jaw dropped while watching the New Moon Trailer.Taylor Lautner where are you?! lol  cant wait for november to come! why cant it be now.
4,1983571049,Sun May 31 13:24:47 PDT 2009,NO_QUERY,Yuri_P_Graf,"@mzsullivan oh no,damn trck ball, mine just stopped a few days ago, now its works. The machine(minds of their own).But I am the Matrix. "
0,1974671194,Sat May 30 13:36:31 PDT 2009,NO_QUERY,simba98,@xnausikaax oh no! where did u order from? that's horrible 
4,2068517034,Sun Jun 07 14:13:01 PDT 2009,NO_QUERY,ssunnyfunny,reading a novel 
0,1970185954,Sat May 30 02:48:45 PDT 2009,NO_QUERY,ShaliniN,I'm extrememly lonely right now! Everyone is out and I'm stuck here doing Maths revision...against my will! Boo! 
4,1686733208,Sun May 03 06:34:40 PDT 2009,NO_QUERY,cappysue,@InnerWizard oh thanks so much I love your sight I favorited to go over it.  So positve 
4,1676031721,Fri May 01 20:55:30 PDT 2009,NO_QUERY,pennysquared,@barski I keep hearing about this cupcake update. I'm not sure what it means but I would like mine with chocolate frosting. 
0,2069280822,Sun Jun 07 15:35:24 PDT 2009,NO_QUERY,envysays,@BBManik naw  are you!?
4,2053073897,Sat Jun 06 03:10:05 PDT 2009,NO_QUERY,emailer,@opensearch ë³ë§?ìì?ì.  ì¤íë ¤ ì¤ìí ë´ì©ì? ë§ì?´ ëì¹ê³  ì ëë¡ í¸ìíì? ëª»íì§ ììë ê±±ì ìëë¤. ë¤ë¥¸ ë¶ë¤ë? ë§ì?´ í¸ìì? ì¬ë ¤ ì£¼ì¨ì¼ë©´ ì°¸ ì¢ìì? ê² ê°ìµëë¤.
0,2053105176,Sat Jun 06 03:17:32 PDT 2009,NO_QUERY,stormygt,work was horrible. so damn busy. why???WHY?????? sore now 
4,1794955231,Thu May 14 06:53:08 PDT 2009,NO_QUERY,sarah_zacefron,There's a party in my Tummy 
0,2179394526,Mon Jun 15 09:02:46 PDT 2009,NO_QUERY,length2mm,@somanybabes ARE U WORKING TMR?!? shit cathay shutter very heavy 
4,2015063212,Wed Jun 03 03:35:07 PDT 2009,NO_QUERY,_Lenchen_,"@teufl0302 @SteveBrunton Sweeties, i gotta go... Having dinner and eating lots of cake with my mom "
0,2047502457,Fri Jun 05 13:44:56 PDT 2009,NO_QUERY,DinoGoesRawr,@goodlemax hee yepp i have to go to cottage soon  grr.
0,2199382523,Tue Jun 16 17:25:20 PDT 2009,NO_QUERY,vanessasaywhaaa,@tromboneforhire nooope  its long gone. getting an iphone soon
4,1753400856,Sun May 10 01:27:23 PDT 2009,NO_QUERY,whitsundays,@TferThomas  We are both following and I don't think I have seen him online lol 
0,1980506557,Sun May 31 06:56:27 PDT 2009,NO_QUERY,discomaniac,i feel like i'm still in 7th grade. i hate this leveling up thang. if only we can just fail schoool &amp; stay 7thgrade forevahhhhh 
0,1969255104,Fri May 29 23:28:21 PDT 2009,NO_QUERY,BeeRob504,man!! oh wellthis was wasted gas...i need a life and a new place of residency....Tay + company = me and the sofa.... 
4,2177444679,Mon Jun 15 06:07:04 PDT 2009,NO_QUERY,Rozanne_,can go home now  YAY!!!!!!!!!!!
0,1998629697,Mon Jun 01 18:52:03 PDT 2009,NO_QUERY,bkepn,"just woke up, ive been asleep sine 4 hah. i dont feel good  &amp; the people i used to steal internet from, moved. so text (: instead of m ..."
0,2248322465,Fri Jun 19 20:26:34 PDT 2009,NO_QUERY,Joyz223,Shit! I lost my HK debit card 
0,1968239058,Fri May 29 21:02:13 PDT 2009,NO_QUERY,Queensowntalia,Saw Walk the Line tonight.Never heard much Cash before.I could definitely appreciate this.Why do I only &quot;discover&quot; artists after they die 
0,1827677663,Sun May 17 11:12:58 PDT 2009,NO_QUERY,Portabass,@elliotmacaluso I opened.... without you 
4,1833927523,Mon May 18 00:58:25 PDT 2009,NO_QUERY,GuinevereJo,@smile_o3o  I am going to be at your graduation!  I'll look for you at the reception! 
0,2297793861,Tue Jun 23 10:52:52 PDT 2009,NO_QUERY,kristeejo,@shadowfaerie ahhh i'll be driving to pick up hannah wed.  
0,2327534817,Thu Jun 25 08:28:12 PDT 2009,NO_QUERY,6firefly,Twitter is .... somehow borring... 
0,2284232385,Mon Jun 22 13:37:47 PDT 2009,NO_QUERY,davidpetersonh,"@pjraval They searched my person, too. One grabbed my stomach under my sweater. That's what I get for wearing a sweater in snowy weather. "
0,1974813267,Sat May 30 13:53:28 PDT 2009,NO_QUERY,magaliface,on my way to work.  ihop tonight with ezelle!
0,2190948506,Tue Jun 16 04:09:06 PDT 2009,NO_QUERY,JessicaPearman,http://vibejournal.com/jessica_art/ needs a new home 
4,1994013517,Mon Jun 01 11:16:38 PDT 2009,NO_QUERY,chelseamakela,@TeenVoices  Welcome love what you guys are doing  Check out http://www.chelseamakela.com
4,2187817053,Mon Jun 15 20:51:06 PDT 2009,NO_QUERY,kmeads,@AnaRevenant i still haven't figured it out lol 
0,1548318427,Fri Apr 17 20:37:29 PDT 2009,NO_QUERY,CFOServices,@GirlswithGoals I'm sorry to hear about the death of your beloved canine 
4,1835381021,Mon May 18 05:51:38 PDT 2009,NO_QUERY,megnshaw,@lizjuranek - i am pumped for neko case! you got me hooked and now she's coming to indy? wooooot. 
0,2067716535,Sun Jun 07 12:50:06 PDT 2009,NO_QUERY,dancer4lifex,*twisted.. gahh studying is making screw up my commercial 
4,2178167599,Mon Jun 15 07:17:46 PDT 2009,NO_QUERY,alyssasilcox,@BabiiBecca yeah idk im supposed to go back to escuela and do something but idk how long itl take. ill let chu know tho 
0,1997961747,Mon Jun 01 17:45:29 PDT 2009,NO_QUERY,erikadanyel24,Our red tail hawk has to go to a rehabilitater now 
0,1973938548,Sat May 30 12:07:35 PDT 2009,NO_QUERY,angelxx71,@anniegxxx can't think of him that way any more  or at least I try not to LOL
0,1834191909,Mon May 18 01:59:15 PDT 2009,NO_QUERY,raphka,watching lost and then i got to v=cover 150 pages 
0,2003672507,Tue Jun 02 06:57:11 PDT 2009,NO_QUERY,clayaaa,@ChristPA I really don't wanna be a vampire loving tween 
4,1999198787,Mon Jun 01 19:48:38 PDT 2009,NO_QUERY,Disabee,BEER!!! It's whats for dinner!! I wish you could watch people workout and get the same results? Oh well! 
4,1827673349,Sun May 17 11:12:24 PDT 2009,NO_QUERY,JustDanny,Take that back :O the Punk version to Rihanna's Disturbia is awesome   ... better than hers &lt;_&lt;
0,2059405445,Sat Jun 06 16:52:05 PDT 2009,NO_QUERY,paranoiattackk,"Okay, apparently I DIDN'T miss the deadline for JB m&amp;g's, but it would be kinda lame to win, I would feel really bad about it. "
0,2216222412,Wed Jun 17 19:11:50 PDT 2009,NO_QUERY,bijouboutique,@KatyLinda oh no  i thought both would be cool - guess i'm not cool w/ the 4yr olds lol
0,1824298166,Sun May 17 00:47:50 PDT 2009,NO_QUERY,ImSOposh,I guess alls well that ends well...I'm still single for the record lol. Leaving Cleveland will be bittersweet to 
4,1827445023,Sun May 17 10:43:31 PDT 2009,NO_QUERY,lizc2,June is now looknig like its gonna be a perfect month for gigs 
4,1970090650,Sat May 30 02:24:58 PDT 2009,NO_QUERY,9330,I got shutter shades yesterday and I'm still in L O V E with 'em! Yay! 
4,2182273330,Mon Jun 15 12:57:16 PDT 2009,NO_QUERY,MoLyVa89,"Just got my nails done and in two says ill be in Brooklyn, cant wait!!! "
0,2203443747,Tue Jun 16 23:45:12 PDT 2009,NO_QUERY,alicerydon,I need a hug...and less cynicism. It's making me depressed. 
4,1995677291,Mon Jun 01 13:52:22 PDT 2009,NO_QUERY,CharlieCake,@ijustine #gimmefailwhale  thx. 
0,2189700092,Tue Jun 16 00:40:50 PDT 2009,NO_QUERY,Nicolee09x,"@DanggItsDevin hahar, whaaat concert youu goiing too? man yourr lucky  youu couldnt go &amp;&amp; not geht me anything ahar. "
0,2298885807,Tue Jun 23 12:14:03 PDT 2009,NO_QUERY,blinkxxatl,@xPowxBangxBoomx dammiitt!! i wish i had MTV 
0,2261547070,Sat Jun 20 20:57:47 PDT 2009,NO_QUERY,inashlalaland,one month ago i was the most happiest person.. n now.. ijustwannadie 
4,1955928998,Thu May 28 20:52:22 PDT 2009,NO_QUERY,SpuffyCullen,finally saw Star Trek - it was awesome! hot guys + cool action + interesting storyline = great movie 
4,1573930134,Tue Apr 21 03:31:22 PDT 2009,NO_QUERY,fredchannel,@cksolutions  I guess because they still don't have basic stuff like social bookmarking. Can olny share by email. Still love picasa 
4,2018419297,Wed Jun 03 09:56:19 PDT 2009,NO_QUERY,kreativlink,@plainbananas Italian ice cream? Ohhhh.... want that with my cake! 
4,1970387738,Sat May 30 03:39:53 PDT 2009,NO_QUERY,Waldinho86,@sneadon whats crackin dude?! Everton for the FA Cup? 
0,2262838342,Sat Jun 20 23:20:43 PDT 2009,NO_QUERY,krisldavis,"crappy day turned awesome at work, only to come home to discover that my chico dog is sick "
4,2052790284,Sat Jun 06 02:01:59 PDT 2009,NO_QUERY,zafarali,@lacyleathers wow thanks for recomending me 
0,2216838047,Wed Jun 17 20:02:12 PDT 2009,NO_QUERY,Balasi,I am craving for japanese food 
0,2055380782,Sat Jun 06 09:12:40 PDT 2009,NO_QUERY,wholesick,@victoria_tweed opted for a corona - it was a mistake. my headache just got a million times worse 
4,1794503890,Thu May 14 05:57:54 PDT 2009,NO_QUERY,DollyObamaMama,@SherriEShepherd nothing like tradition handed down 
4,1880005438,Thu May 21 23:48:17 PDT 2009,NO_QUERY,myazhax,!freebsd jails-ing make me rockers 
4,1992498894,Mon Jun 01 08:51:07 PDT 2009,NO_QUERY,misweeetie,@WIGGINSCC  time can stop or slow wayyy down 
0,2230638095,Thu Jun 18 17:23:44 PDT 2009,NO_QUERY,soridicuLES,@Sadieozdesoy hopefully i'll feel better by tomorrow  i might have strep
4,1573615471,Tue Apr 21 02:00:59 PDT 2009,NO_QUERY,EkoEko_Azarak,@chriscuzzy Mermaids are almost extinct and should not be kept in captivity. And that's Disney's fault! Or so I heard! 
4,1468337652,Tue Apr 07 01:03:28 PDT 2009,NO_QUERY,zigdon,@zadr I want to try it sometime with an actual keyboard 
0,1986917523,Sun May 31 19:30:37 PDT 2009,NO_QUERY,FayeFoucault,MTV awards are not on in my area 
0,2215802062,Wed Jun 17 18:37:52 PDT 2009,NO_QUERY,inikia,On the phone with my baby. I miss him so much. 
4,1693534225,Sun May 03 22:52:01 PDT 2009,NO_QUERY,1planet1people,@BlokesLib Wow... I was just thinking of the time difference between us! You've already lived my tomorrow 
4,2071968359,Sun Jun 07 20:10:53 PDT 2009,NO_QUERY,graciexo7,http://twitpic.com/6vt0m go Cubs go!  he needs a name...
0,2181363433,Mon Jun 15 11:43:39 PDT 2009,NO_QUERY,tastefulcupcake,Omg my bff just said he wouldn't kiss me @NasVegas 
4,1822723568,Sat May 16 20:14:11 PDT 2009,NO_QUERY,Scyranth,@HalestormRocks what's up y'all! we've been rockin ur stuff here in OKC at da Katt! tune in at www.katt.com anytime! 
0,2016557030,Wed Jun 03 06:59:04 PDT 2009,NO_QUERY,AmyBella21, MOT didnt go v.well
4,1979032714,Sun May 31 01:22:02 PDT 2009,NO_QUERY,JenniePolkadot,"drinking wine from the bottle after playing some DDR, chilling with my broseph and listening to music "
4,2176324211,Mon Jun 15 03:33:35 PDT 2009,NO_QUERY,JohnnyDurham19,@danisanna oh wow! that picture is SO awesome!  &lt;3
4,1752532770,Sat May 09 22:11:20 PDT 2009,NO_QUERY,cagatorgirl,be sure to tell your Mom you love her and thank her for putting up with you! 
4,2050602763,Fri Jun 05 18:58:10 PDT 2009,NO_QUERY,rizapiza,Out at dinner with the family 
0,1994177368,Mon Jun 01 11:32:03 PDT 2009,NO_QUERY,kthomas5,Bigger! Bag broke jumping onto tube which then trapped my foot! Almost lost my flip flop 
4,1834652547,Mon May 18 03:44:29 PDT 2009,NO_QUERY,JonasFanJade,@JoeJGirl2009 Oh... cool... standing out... 
0,2261281815,Sat Jun 20 20:32:48 PDT 2009,NO_QUERY,LadyLawww,Work sucks when your here all day 
0,2245363011,Fri Jun 19 16:01:35 PDT 2009,NO_QUERY,Shawn0lee2,@DIVACANDICEM - Candice i dont mean to bother you but im really sad that u got released! 
0,1825255459,Sun May 17 05:00:12 PDT 2009,NO_QUERY,jennymeadow,has been driven indoors - away from her bedding plants - by the rain  
0,2047667145,Fri Jun 05 13:59:53 PDT 2009,NO_QUERY,Beccaa93,@TheRealJordin i know exactly how your feeling  Im curled up in bed right now witha hot water bottle. NOT FUN! haha hope you feel better x
0,1984898930,Sun May 31 16:01:45 PDT 2009,NO_QUERY,OhSunshine_,@FaketragedyCom i know 
0,2298444318,Tue Jun 23 11:41:10 PDT 2009,NO_QUERY,RaymundoMonge,Looks like I won't be getting operated b4 my album release   Gonna surprise my pops at work and have lunch with him! Happy late Dad's day!
0,2179843781,Mon Jun 15 09:39:41 PDT 2009,NO_QUERY,KrisCamp,im getting my wisdom teeth out tomorrrow 
4,2072317133,Sun Jun 07 20:47:43 PDT 2009,NO_QUERY,SonnieJHawk,http://twitpic.com/6vvk2 - My new snowboard! Oh it's so pretty... 
4,1827631965,Sun May 17 11:07:10 PDT 2009,NO_QUERY,BellaKavner98,BYE EVERYONE. 
0,2065618215,Sun Jun 07 08:57:49 PDT 2009,NO_QUERY,Christinahahaha,Also doesn't help that it is an absolutely gorgeous Boston day (mid 70s) AND @stacey_a_allen invited me to her sister's grad party. 
4,2045755369,Fri Jun 05 11:11:19 PDT 2009,NO_QUERY,bustyb73,@harmony341 yeah went today and had blood done ..thanks for asking  hows u ?
4,1836418335,Mon May 18 07:57:50 PDT 2009,NO_QUERY,TonyWade,"@iantalbot If something needs pluckin, I pluck it... "
4,1694240468,Mon May 04 01:43:04 PDT 2009,NO_QUERY,Brooklyn_H,gonna knit a felted heart toy for mum for Mothers Day. she's so great (not really) she loves anything i give her  luv ya mummy
4,1752845811,Sat May 09 23:11:24 PDT 2009,NO_QUERY,SaschaScarpulla,@vautrin tis' cool..I still stand by my former proclamation! I'm just stubborn that way! #rebellioustwitwhoknowsacoolcatcook lol 
0,2064150967,Sun Jun 07 05:23:34 PDT 2009,NO_QUERY,BrandyWandLover,"@rustyrockets i think, mr brand, that u at least owe us a few tweets after abandoning us uk girlies for LA  xx"
0,2179618494,Mon Jun 15 09:21:03 PDT 2009,NO_QUERY,geisha88,just finished bade..... surfing online... nutn much to do 
4,2014824980,Wed Jun 03 02:48:44 PDT 2009,NO_QUERY,NYBabe,@Bathbad I'd like to think so   And we haven't forgotten you really 
4,1988991620,Mon Jun 01 00:00:07 PDT 2009,NO_QUERY,Big_Norm,@warmwell When I dole out the bread the big guy is always in front of the queue 
4,2008026075,Tue Jun 02 13:30:37 PDT 2009,NO_QUERY,Jordskkk,"plan for tonight : pack bag, go in bath, pop some pop corn and whack on a DVD "
0,2219510944,Thu Jun 18 00:42:22 PDT 2009,NO_QUERY,ab_linguistics,"It's 8.40 am, and I have already finished my first half hour of work. Don't know how I did it, brain is still half asleep. "
0,1932287974,Tue May 26 21:10:34 PDT 2009,NO_QUERY,pressrecordmag,"@Personal__Jesus no more ben  it will be a bittersweet show, will you be there?"
0,2300053959,Tue Jun 23 13:40:33 PDT 2009,NO_QUERY,Livmarie828,"Sitting at work, waiting for the Receptionist to get off lunch so I can go to my dental    I hate it!"
4,2039669990,Thu Jun 04 22:30:57 PDT 2009,NO_QUERY,bewildia,"@JBMovies Come, come - surely you're not repeating the canard that &quot;indie&quot; and &quot;cheap&quot; are synonymous? "
0,1997688116,Mon Jun 01 17:17:07 PDT 2009,NO_QUERY,one_wingedangel,@veropperez awwww my poor muffins i had to make those and i didnt make them for the cat HE TOOK THE WHOLE FREAKIN BAG and ran away  aw man
0,1985567932,Sun May 31 17:21:13 PDT 2009,NO_QUERY,SupaJohn,@JeepGirlYJ94 I broke my arm 
4,1573026578,Mon Apr 20 23:25:59 PDT 2009,NO_QUERY,jabjavier,why won`t you stand by me 
4,2175360219,Mon Jun 15 00:46:16 PDT 2009,NO_QUERY,MsKandyceJ,Im up. Im throwed. Im lovinn my new followers 
0,2238755096,Fri Jun 19 07:41:54 PDT 2009,NO_QUERY,nick_nc19,"im soooo bored right now.,.,.,!! "
4,2056080891,Sat Jun 06 10:29:31 PDT 2009,NO_QUERY,shayboo4lyfe,Hey Debby or any body else...can sum1 talk 2 me right now??? 
4,1984631314,Sun May 31 15:29:31 PDT 2009,NO_QUERY,yesitsch3l,is up north with kyle till tomorrow  sun burnt.
0,2062234364,Sat Jun 06 22:40:27 PDT 2009,NO_QUERY,CVG95,I'm emo because I can't be part of demi's music video! one of the saddest days of my life 
4,1755345990,Sun May 10 08:54:14 PDT 2009,NO_QUERY,trottersayss,Goodmorning 
0,1753250003,Sun May 10 00:45:33 PDT 2009,NO_QUERY,syahrani,"Please don't leave, Tevez!  I rather dump Berbatov to be honest. a lazy player with 30 Mil tag. http://tinyurl.com/oddnpu (via @MUFCNews)"
0,1677492363,Sat May 02 02:21:59 PDT 2009,NO_QUERY,silentloner,My head isn't healing well it feels that way 
0,1835556415,Mon May 18 06:15:28 PDT 2009,NO_QUERY,nebbiolata,"Bonjour, jet lag. Awake so early I heard the NY Times hit the front step. That's bad "
4,1974430893,Sat May 30 13:07:19 PDT 2009,NO_QUERY,michellyy,"BURGER KING = LOVE  am i the only one that puts fries in my burger and it the crust around it first? People, are looking at me weird :|"
4,1932940527,Tue May 26 22:35:14 PDT 2009,NO_QUERY,frenchlizi,.miss the hubs love sex. 
4,2175828239,Mon Jun 15 02:06:55 PDT 2009,NO_QUERY,Philpower82,On the plane 2 spain  happy days.
4,2175200395,Mon Jun 15 00:20:42 PDT 2009,NO_QUERY,uhmlizziebby,@anthonyrojas okayyy phew. didn't wanna be alittle cr33pst3r there. and thanks 
0,2264873983,Sun Jun 21 05:11:06 PDT 2009,NO_QUERY,SazzyMCH,I am not poorly sick like @loobydo but I am not a happy bunny - I ache 
0,2177068733,Mon Jun 15 05:22:58 PDT 2009,NO_QUERY,Lil_Miss_Dangaa,@jennmarie226 jealous I still have like 100 and something - and they havent even announced dates 
4,1468178186,Tue Apr 07 00:08:24 PDT 2009,NO_QUERY,naturalishmama,Well the sun is shining and I'm feeling guilty 'cos I've neglected the garden. Seed sowing and weeding today methinks 
0,1468617899,Tue Apr 07 02:45:41 PDT 2009,NO_QUERY,jaredgunter,Up since 3:00. Going to be a looooong day. 
0,2002413813,Tue Jun 02 04:08:29 PDT 2009,NO_QUERY,BlackRabb1t010,Kirsten is never up in the morning. And i think she is mad at me 
4,1970913801,Sat May 30 05:38:31 PDT 2009,NO_QUERY,kelsixo,Good morning  
0,2327396964,Thu Jun 25 08:17:41 PDT 2009,NO_QUERY,MagicDandelions,"Keeping my friend and her children in my thoughts today, as they mourn the loss of their husband/father who suddenly died yesterday. "
0,1956408591,Thu May 28 21:48:57 PDT 2009,NO_QUERY,letgotoosoon,@tommcfly you met the fans on wednesday at hilton's bar. meet us! haha  i know you tired but we spent lost of money here just to see you 
0,2321477626,Wed Jun 24 21:06:42 PDT 2009,NO_QUERY,kRySunique,@MzDeDaze no i havent 
4,1835257559,Mon May 18 05:33:15 PDT 2009,NO_QUERY,Riaz_Ahmed_,@MikeOrmond ignore last tweet... vs2010 beta1 available on MSDN on 18/05   http://blogs.zdnet.com/microsoft/?p=2769
0,2014269923,Wed Jun 03 00:59:10 PDT 2009,NO_QUERY,BlackCat_Saya,@Rohan_01 You know..it's really sad that u know that ur classmate don't care about you..        sad memories T.T
4,1881577089,Fri May 22 05:02:03 PDT 2009,NO_QUERY,CeeGeeJewellery,@MadamSalami Thanks for the #followfriday 
4,1965637417,Fri May 29 16:16:22 PDT 2009,NO_QUERY,Paiige__,i Just Watched BGT! :o i Saw the Litte Girl Cry! :O omg.omg.omg! i Really Cant Belive it! im Sorry it Was So Fuuny Lol  x
0,2013118838,Tue Jun 02 21:57:41 PDT 2009,NO_QUERY,cmkhouri,ahhh noooo.....now everyone will know I'm gullible 
0,1680803339,Sat May 02 12:31:57 PDT 2009,NO_QUERY,bl00dline,I.....want to.......go........home........ 
0,2226844109,Thu Jun 18 12:27:29 PDT 2009,NO_QUERY,racheylhotdamn,R.I.P. Sidekick. You've been through quite a lot with me 
0,2006461353,Tue Jun 02 11:12:07 PDT 2009,NO_QUERY,crazymitchell,Only 1 hour 50 minutes left of work  Better get back to it then 
0,2240290848,Fri Jun 19 09:34:10 PDT 2009,NO_QUERY,marisasmile,I really want to see Boys Like Girls tonight! 
4,1964355405,Fri May 29 14:06:20 PDT 2009,NO_QUERY,mooreal5,so far this weekend has started off amazing! Next:  seeing Up in 3D with my Jonathan 
4,1685808829,Sun May 03 02:11:27 PDT 2009,NO_QUERY,logansmum08,@littlesunflower happy bday have a good day  x
4,2048679723,Fri Jun 05 15:35:44 PDT 2009,NO_QUERY,Holly_Baugh,"@RetroRewind All the songs I wanted to hear on the 12 hour.  You have been chatting with Jason, haven't you! LOL "
4,1881090619,Fri May 22 03:34:05 PDT 2009,NO_QUERY,kelly_plusnet,@dannywhitehouse That last message wasn't a dig 
4,1970452478,Sat May 30 03:55:37 PDT 2009,NO_QUERY,ArunChitnis,"@ruchitasaxena Hi. Arun Chitnis, CorpCom drone at Jones Lang LaSalle Meghraj. Good to connect with if real estate is your bag "
0,2243582312,Fri Jun 19 13:38:05 PDT 2009,NO_QUERY,myfunclub,"@crazydiamondsi Eh up you  We are talking SAAB 9-5 se, estate too. Had to get a 2.0t as insurance wouldn't touch Poppet on a 2.3t "
4,2046409621,Fri Jun 05 12:08:18 PDT 2009,NO_QUERY,kyna_,@joykb1124 Basically a loans officer at a &quot;pay day loan&quot; kind of place ..but they're growing and hoping to be a bank within 5 years 
0,1559840103,Sun Apr 19 12:10:51 PDT 2009,NO_QUERY,JameeBean,So upset that spring break is like over 
4,1993100433,Mon Jun 01 09:49:58 PDT 2009,NO_QUERY,CocodeMer19,@calvinharris  catch you in B/mouth in October !   Southampton's better tho' ;)!
0,1468136206,Mon Apr 06 23:54:54 PDT 2009,NO_QUERY,Sam_Symons,"@riskyrevenge Wait, what? Sick? "
0,2174954568,Sun Jun 14 23:43:09 PDT 2009,NO_QUERY,candacefaye,Im mad im sittin here &amp; i wanna go to sleep but cant! uuuuhhh 
4,1557243311,Sun Apr 19 02:52:54 PDT 2009,NO_QUERY,Nutronic,@MASHUPFACTS u listed some great mashup artists there 
0,2219315671,Thu Jun 18 00:15:45 PDT 2009,NO_QUERY,kimmy_gurl_33,"@NinjaLikesCheez *tears* video games = death.  @damnELECTRIC if you send me the money, I so would, but i'm hella broke and up at 2:15am.  "
0,2323250377,Thu Jun 25 00:13:40 PDT 2009,NO_QUERY,kpartridge11,"is tired of putting forth soooo much effort, and getting nothing in return. "
0,2326866322,Thu Jun 25 07:36:53 PDT 2009,NO_QUERY,jill777,@DonnieWahlberg Morning! Will you @jasonjmikemgmt be giving out tix to houston as well??  i want 2 make the trip &amp; there is sh*t left! 
0,2190824590,Tue Jun 16 03:49:48 PDT 2009,NO_QUERY,michaelbaylosis,@beyoncatweets How awesome? Lol... I guess they were good but it could still be better 
0,1969844806,Sat May 30 01:26:40 PDT 2009,NO_QUERY,pradeeprama,Rahman's performing 2row in Pune. But I will not be able to make it 
4,1969186967,Fri May 29 23:16:13 PDT 2009,NO_QUERY,justinmccraw,"?????????????????? I just made sushi, and it is delicious! "
0,1956657912,Thu May 28 22:22:26 PDT 2009,NO_QUERY,stephaaniemarie,Cuddling with Sammy before I leave him until Sunday  My baaaby!
4,2176300561,Mon Jun 15 03:29:35 PDT 2009,NO_QUERY,iBump,staring at tweezers ... my life is so exciting 
0,2071809015,Sun Jun 07 19:57:26 PDT 2009,NO_QUERY,minemogul3,disappointed  signing off
0,2185503530,Mon Jun 15 17:28:52 PDT 2009,NO_QUERY,jenimayyy,@mikegentile hey stud. go figure you come to the land of whores when i am gone in the bahamas 
0,2260228529,Sat Jun 20 18:52:53 PDT 2009,NO_QUERY,chrisnickinson,3 cheers for losing the cell phone charger cable 
0,2175336668,Mon Jun 15 00:42:24 PDT 2009,NO_QUERY,laurayvette,"bearly got home   ugh need to wash clothes,shower,sleep and wake up early for summer school :@"
0,1998827283,Mon Jun 01 19:11:22 PDT 2009,NO_QUERY,adrijuicy,i really need to vomit 
0,2324768072,Thu Jun 25 04:00:02 PDT 2009,NO_QUERY,Katie_May,"@missmissen Well no not really, but it still makes me sad! "
0,2247489736,Fri Jun 19 19:10:27 PDT 2009,NO_QUERY,sashawintafruit,"@YourTheCutest nope, thats what i didnt get to have tonight "
0,2255538709,Sat Jun 20 11:24:54 PDT 2009,NO_QUERY,Kimber_Ann,@HOTTVampChick no  no more unless I win irvine tix or break down and go to another concert
4,2191220885,Tue Jun 16 04:48:06 PDT 2009,NO_QUERY,TheMusicMan81,"@eleanor_pugh You're welcome, I'm glad you liked PULVERHUND  The Broken Family Band are duly noted, thank you. Good luck on your exam!!"
4,1685242002,Sat May 02 23:35:13 PDT 2009,NO_QUERY,einfeldt,"@jimmietryon My 62-yo neighbor uses Linux for simple printing, email, web. No CLI needed. I use the CLI 4 shortcuts, mostly. "
4,1685424793,Sun May 03 00:20:02 PDT 2009,NO_QUERY,Unverius,busted out of CSPC event #2 in 830th place! (out of 1900) this was the biggest tournament in history outside of WSOP! glad to be in it! 
0,2179192623,Mon Jun 15 08:46:20 PDT 2009,NO_QUERY,irniamegaputri,@astrishabrina susah emang long distance ituu. huhu. aku juga ngerasain 
0,2062368011,Sat Jun 06 23:02:10 PDT 2009,NO_QUERY,tim_butcher,@jemappellekim it all got a bit messy. When are you back in Melb? Just about to board flight to Adelaide 
0,2224349912,Thu Jun 18 09:23:42 PDT 2009,NO_QUERY,jordanalexisbby,"Poor Dyno  he's okay though, he didn't get flushed all the way!"
4,2063268324,Sun Jun 07 01:59:33 PDT 2009,NO_QUERY,poltri,hmmm.... yummy! sarap ng homemade cookies! thanks gilou! 
0,1692919804,Sun May 03 21:06:04 PDT 2009,NO_QUERY,4NDR3W_JUN9,This person behind cough like crazy on me. I hope I don't get the swine flu. Pray for me please. 
4,2191614513,Tue Jun 16 05:38:15 PDT 2009,NO_QUERY,RADIO_QUEEN09,Morning twitfam! On the way to LGA airport for my flight home. NYC was fun!  but I'm sleepy!!
4,2048051139,Fri Jun 05 14:35:12 PDT 2009,NO_QUERY,Kutski,"@Poison__Pixie a lot of peeps say they couldn't live without iPhone, me being one of them "
4,2068706578,Sun Jun 07 14:33:11 PDT 2009,NO_QUERY,ryrych,"@pinheirokde they're cool, you're really skillful icondesigner so keep working "
4,1985507780,Sun May 31 17:14:15 PDT 2009,NO_QUERY,lillifern,her bib says it all   http://sml.vg/cgWgSV
4,1975342331,Sat May 30 14:57:31 PDT 2009,NO_QUERY,Tonikren, niice day&lt;  ?
4,1979839829,Sun May 31 04:43:00 PDT 2009,NO_QUERY,NatChub,@corxy it's wonderful! 
0,2221978086,Thu Jun 18 06:18:31 PDT 2009,NO_QUERY,happyhero,"@darlingnikki08 I'm fine thankyou, apart from a bit of hayfever   How are you doing?"
4,2177178370,Mon Jun 15 05:36:40 PDT 2009,NO_QUERY,staciagogan,school over in 4 more days no more teachers!! Grad on wednesday PUMPED// crystal palace tomorrow going to be fun 
4,1978558142,Sat May 30 23:44:05 PDT 2009,NO_QUERY,wonderpetunia,Am getting fungry watching Food Paradise's - Sandwiches eps! Gahhhh. Me want 
4,2015556809,Wed Jun 03 04:58:26 PDT 2009,NO_QUERY,pbarone,"@GavinOsborn yeah, I did ask for him to be banned "
4,2070506150,Sun Jun 07 17:48:56 PDT 2009,NO_QUERY,DVNT,"Sweet dreams all.  New week, and I'm determined to make it a good one!!!!!"
0,2174870612,Sun Jun 14 23:30:42 PDT 2009,NO_QUERY,cutiexdoll,just woke upp .... wanna go back to sleeep 
0,1986467205,Sun May 31 18:52:26 PDT 2009,NO_QUERY,valdivia1,&quot;Binthia&quot; is serious now. She hot really quiet and looks mad tired. Kinda feel bad cuz she had to drive after only sleeping a few hours 
0,2187289677,Mon Jun 15 20:04:00 PDT 2009,NO_QUERY,manderrs,"reading a few chapters of choke, sleep, work. i still feel like shit. "
4,1557033864,Sun Apr 19 01:38:40 PDT 2009,NO_QUERY,hellodeibu,@jayaugust /me too! 
0,2236392031,Fri Jun 19 03:35:31 PDT 2009,NO_QUERY,muffyn71,Now in line for the famous Leng Kee Beef Kuay Teow! 11ppl ahead of me  But fr experience it's always been worth the wait!
4,2050618512,Fri Jun 05 18:59:52 PDT 2009,NO_QUERY,blackysky,@richdirtygirl  slides show with voice I hope 
0,1685528565,Sun May 03 00:48:12 PDT 2009,NO_QUERY,UneeQ12,workin the graveyard shift 
0,1823846837,Sat May 16 23:10:33 PDT 2009,NO_QUERY,kayfras,"Soooo, song of my night - beep  by bobby v.  I miss my mommy.  . But i will be w/ her in the a.m . Jimboy's was on hit tonight !"
4,1880466694,Fri May 22 01:20:40 PDT 2009,NO_QUERY,theclaireharper,"Thanks to all my fans, however few, my work wouldn't be possible without your amazing support  xx"
4,1964601322,Fri May 29 14:29:58 PDT 2009,NO_QUERY,brianadiane,@selenagomez your song with forever the sickest kids is amazinggg its my new favorite songg!!! 
0,2203647466,Wed Jun 17 00:12:33 PDT 2009,NO_QUERY,MelleRobot,Who is going to the Online Fashion 100 party tonight in London? I am invited but nobody to go with 
4,1793730286,Thu May 14 03:47:34 PDT 2009,NO_QUERY,xanthakita,@wiseleo WOW that's more than a little color! 
4,1982785682,Sun May 31 11:53:58 PDT 2009,NO_QUERY,briandenton,time for a Sunday afternoon nap!   #fb
4,1558165849,Sun Apr 19 07:29:36 PDT 2009,NO_QUERY,brandon_g,going to be a good service this morning... 
4,1971290592,Sat May 30 06:44:23 PDT 2009,NO_QUERY,kristapotc,@TheSims3 My friend and I are going to make a TS3 collage today! I picked up a whole bunch of flyers last night. 
4,2017360186,Wed Jun 03 08:15:52 PDT 2009,NO_QUERY,lbabinz,Showing my mom twitter 
0,2322552197,Wed Jun 24 22:49:26 PDT 2009,NO_QUERY,ZhuhaiNights,Can't access Google in China - BOO     Guess I've gotta us MS's new www.bing.com  meh.
4,1982348039,Sun May 31 11:01:45 PDT 2009,NO_QUERY,Pretty_Trice,ok home now...just got some smart start &amp; special K strawberries &amp; yogurt cereal on sale @ riteaid 
0,1691052418,Sun May 03 16:59:13 PDT 2009,NO_QUERY,bellezebub,dont like it when the tour ends. 
0,2196745761,Tue Jun 16 12:52:39 PDT 2009,NO_QUERY,kiers94,packing up my room 
0,2251087443,Sat Jun 20 02:23:50 PDT 2009,NO_QUERY,meabhaline,@embeep sorry about your sadness  I'll be home next weeked. we can faff about and stalk celebs on twitter
0,1963643799,Fri May 29 13:02:07 PDT 2009,NO_QUERY,SarahPsyDeal,@eedawson It's not gonna storm!  because I said so! 
4,1880625553,Fri May 22 01:54:56 PDT 2009,NO_QUERY,s4sukhdeep,Just finished with Dairy Milk for second consecutive day.. yumm... and i still ve one more Fruit and Nuts staring at me..  nyum nyum..
0,2177756662,Mon Jun 15 06:39:05 PDT 2009,NO_QUERY,x__claireyy__x,"Right, off to work  Only 5 hours to go until I'm free xD"
4,1468380926,Tue Apr 07 01:19:14 PDT 2009,NO_QUERY,chantelleaustin,*bursts through the Twitter doors* Hellooooooooo!  
0,2323252014,Thu Jun 25 00:13:53 PDT 2009,NO_QUERY,xxellenx,this flat hunting malarky is rubbish 
4,2001635016,Tue Jun 02 01:32:44 PDT 2009,NO_QUERY,essieruth,@dougsky I will have a look when I get home! 
4,2014330903,Wed Jun 03 01:10:30 PDT 2009,NO_QUERY,westerndrake,"@RuiDelgado I'm really looking into it as soon as it finishes.  Saramago played by Hollywood and having great reviews, that's a must see!!"
0,1553109752,Sat Apr 18 13:23:57 PDT 2009,NO_QUERY,hollygable,"Spent evening looking after suki doggy shitting herself everywhere, falling off the decking into ditch and whining &amp; running into things "
0,2231578680,Thu Jun 18 18:44:39 PDT 2009,NO_QUERY,lkefct,so we came in fourth place for trivia. oh well. 
4,1971028278,Sat May 30 06:00:19 PDT 2009,NO_QUERY,eric_shabaj,What a wonderfull weather outside in Kristiansand today! 
4,2013682279,Tue Jun 02 23:17:35 PDT 2009,NO_QUERY,JayneM1,@xxandip Love that bag......!!! Enjoy the gym and your pineapple 
4,1564400898,Mon Apr 20 03:18:44 PDT 2009,NO_QUERY,NatalieLucas,doing online learners test 
4,1988804703,Sun May 31 23:25:27 PDT 2009,NO_QUERY,myradalanon,@ramielemalubay Okay!! Thanks for your reply!! 
4,2064291527,Sun Jun 07 05:50:41 PDT 2009,NO_QUERY,biotik,need back up....u dont get t...i was busy when i wrote t 
4,2033646628,Thu Jun 04 13:00:07 PDT 2009,NO_QUERY,ericathompson,@DembyMalibu *waves*  check your DMs
0,2060730453,Sat Jun 06 19:28:04 PDT 2009,NO_QUERY,pattyxxcore,i made jiffypop because we have a gas stove here. only to find out it is loaded in trans- and saturated fats  i opted for triscuts.
0,1981408276,Sun May 31 09:05:23 PDT 2009,NO_QUERY,HayleyIB,"To atascadeo! Again for practice  text, tweet, myspace."
4,2063483389,Sun Jun 07 02:50:35 PDT 2009,NO_QUERY,avyrianzares,who's Andrew marr? he's on the top trending topic at this time. 
0,2204492298,Wed Jun 17 02:21:33 PDT 2009,NO_QUERY,FizzyGingerBeer,@pwbbounce uh oh  but is that not good? its not got a hidden meaning or anything that i dont know about has it?
0,2249532719,Fri Jun 19 22:30:45 PDT 2009,NO_QUERY,skyenat,@nokking kino sold out already. Popular also. Borders said they're not sure if they're even able to get copies 
4,1966598889,Fri May 29 18:03:36 PDT 2009,NO_QUERY,Sanevin,I love this kind of weather 
0,1990598772,Mon Jun 01 05:17:13 PDT 2009,NO_QUERY,Bacon25,@_misshannah damn you !!!  that's properly unfair!
4,1882955522,Fri May 22 07:46:11 PDT 2009,NO_QUERY,FieldHouseGirl,"@alyxayer  and @richbello ... hey it was a player from AKRON!   I hope you guys thought of me, haha, it's okay I know you didn't!"
4,2001733799,Tue Jun 02 01:53:20 PDT 2009,NO_QUERY,MishNohouse,Holy sack of potatoes ... lets graft mense !! for all the ladies shake and bake ur cake and for the oak's sssnake  Show Love baby !!!
0,2007525119,Tue Jun 02 12:46:03 PDT 2009,NO_QUERY,juhmzywumzy,Ugh my mom took away half the cable 
4,2062338707,Sat Jun 06 22:57:27 PDT 2009,NO_QUERY,nativechuck,@alyciaolson Hi Sweetheart! Glad you found me on twitter! Whazzup!? Hope you are sleeping well and &quot;tweet&quot; me again tomorrow! Love you! 
0,1555905211,Sat Apr 18 21:02:14 PDT 2009,NO_QUERY,superbryant,the phils lost and brad lidge blew a save 
4,1686552168,Sun May 03 05:54:15 PDT 2009,NO_QUERY,erynnnnnnn,my cousin just danced! whooo go morgan  She did amazing
0,2007062563,Tue Jun 02 12:05:25 PDT 2009,NO_QUERY,sabenn22,once the concert stories start rollin in I might have to go into hibernation 
4,2066736674,Sun Jun 07 11:04:41 PDT 2009,NO_QUERY,Monica_Anett,@BrittD20 mm...and the money is good 
0,2053747145,Sat Jun 06 05:34:39 PDT 2009,NO_QUERY,rachaar,"@jnyemb oh no way, you can't do that! Sooo unfair "
0,1553272282,Sat Apr 18 13:49:36 PDT 2009,NO_QUERY,stephamichele,@hansonmusic I wish the fan event in Tulsa was NOT during my college graduation  miss you guys!
4,1966003827,Fri May 29 16:56:41 PDT 2009,NO_QUERY,RescueSiren,@beesknees42 Set the clock ahead two hours and make him think its later 
0,1962234248,Fri May 29 10:43:54 PDT 2009,NO_QUERY,ozpancakes,Yeah. It's sad. 
0,1961573888,Fri May 29 09:42:47 PDT 2009,NO_QUERY,DanielleRaee,At work my head hurts a little due to my neck! I hate when I sleep wrong! 
0,2261441236,Sat Jun 20 20:47:47 PDT 2009,NO_QUERY,DiyanaRazinah,"@f_nadzirah cant sleep,go online! hahaha @bobbyden and @faidchong misses you too "
0,2175302784,Mon Jun 15 00:36:56 PDT 2009,NO_QUERY,sawarahh,@cathicks I don't get it. 
0,2206174181,Wed Jun 17 06:07:32 PDT 2009,NO_QUERY,ZaLord,@hazemtaji Did you buy a PS3? My xbox360 got the RROD 
0,2183591516,Mon Jun 15 14:43:01 PDT 2009,NO_QUERY,MCal27,Just attempting to watch Quantum of Solace again after leaving it disappointed sometime ago... Yes it is as crap as I remembered 
0,2178300794,Mon Jun 15 07:29:54 PDT 2009,NO_QUERY,JoyAnnaMitchell,@LisaAucoin just had a tooth shatter last night  Nothing new otherwise. Loving the summer schedule lol Talk soon!!
4,1677721179,Sat May 02 03:37:19 PDT 2009,NO_QUERY,antnzdotcom,@Yurechko YES! Give me some domain love too! 
4,1752123678,Sat May 09 21:06:23 PDT 2009,NO_QUERY,marpizza,@6 doin fine relaxin at work... Hardly working 
4,1932926127,Tue May 26 22:33:06 PDT 2009,NO_QUERY,thenewbnb,@prateekgupta i went n have now returned 
0,2249156143,Fri Jun 19 21:49:09 PDT 2009,NO_QUERY,jazzfade,ugh I am literally the king of passing out early...left my laundry in the dryer in the basement for HOURS and missed a party in 2E 
0,2215147702,Wed Jun 17 17:44:33 PDT 2009,NO_QUERY,oldergirlbeauty,"@mallybeauty Can. Not. Wait!  I will stay up to see what goodies you bring, since I am still waitlisted for you TSV.  "
4,1981146486,Sun May 31 08:31:22 PDT 2009,NO_QUERY,Nuttykung, à¸à¸¹à¹?à¸à¹à¸à¹ hitech
4,2002431346,Tue Jun 02 04:11:36 PDT 2009,NO_QUERY,laurakoumides,do my facebook quiz!  see how well you no me     http://bit.ly/27Jzh
4,2014888258,Wed Jun 03 03:01:04 PDT 2009,NO_QUERY,Tikihutkid,@angeezyy why you hang out with those losers anywais? 
0,2264057188,Sun Jun 21 02:38:44 PDT 2009,NO_QUERY,CannonGod,"@hannahnicklin Aw, sorry to hear that  And it seemed so full of life yesterday! Tbh the USB went on a friends WinMob phone. Hmmm :-\"
0,2204351031,Wed Jun 17 01:59:33 PDT 2009,NO_QUERY,andrewneary,"Watching a progress bar go across the screen. Very, very dull and tedious. "
4,1833626904,Sun May 17 23:54:34 PDT 2009,NO_QUERY,uyennguyen_,"@taylorswift13 OMG Taylor is so cool. i love you, always be FEARLESS "
4,2048635929,Fri Jun 05 15:31:25 PDT 2009,NO_QUERY,sophistikated,A lot of people are auditioning for millie! Exciting  i hope this summer will be as good as last.
4,1573784305,Tue Apr 21 02:50:36 PDT 2009,NO_QUERY,HollyHoo,should be doing uni work but twitter is better 
4,2016894766,Wed Jun 03 07:31:55 PDT 2009,NO_QUERY,Cherrygirl82,@FoxxFiles Wow 5am? LOL I guess u start ur day early? I can only tolerate their sweet tea 
0,1880666283,Fri May 22 02:03:31 PDT 2009,NO_QUERY,djrickdawson,Jean Michel Jarre concert tomorrow  gotta work 7-3 before though 
4,1557457437,Sun Apr 19 04:14:03 PDT 2009,NO_QUERY,okesanne,@DarrenRoberts I swear you do it deliberately 
4,2179296824,Mon Jun 15 08:54:51 PDT 2009,NO_QUERY,Szilax,huhu cheffin 
0,1686231015,Sun May 03 04:27:03 PDT 2009,NO_QUERY,ghassanb,Fast Food For Lunch! 
4,2185333079,Mon Jun 15 17:13:29 PDT 2009,NO_QUERY,nuttyange18,just joined checking it out 
4,1990768901,Mon Jun 01 05:41:56 PDT 2009,NO_QUERY,amhipp,Nobody has a tan here - I fit in with all of the pasty white Irish people really well. 
4,1967773004,Fri May 29 20:11:08 PDT 2009,NO_QUERY,imsoapee,@ivebeenabadboy lol thank you. 
0,2066141815,Sun Jun 07 09:58:08 PDT 2009,NO_QUERY,haleydamm,so so burnt 
0,2190790629,Tue Jun 16 03:44:11 PDT 2009,NO_QUERY,sadbuttrue,"@revdal @fibrefairy I keep dropping (un)subtle hints to @sjrdouglas, but I'm not sure that she's hearing them "
4,1932911845,Tue May 26 22:31:02 PDT 2009,NO_QUERY,022808,"@icedelosreyes don't underestimate my flexibility =p but my balance, hmmm... not so good. sama ka? sa valero lang siya "
0,2068428952,Sun Jun 07 14:03:51 PDT 2009,NO_QUERY,blackenedgirl,"My dad wiped our comp hard drive cuz hes weird, so i cant watch buckley on blogtv  34 more minutes  &lt;!itsabby!&gt;"
0,2230801633,Thu Jun 18 17:37:30 PDT 2009,NO_QUERY,duhhjennster,grounded 
0,1753019777,Sat May 09 23:49:26 PDT 2009,NO_QUERY,mookyvet,"@MissDangerMouse Hell yes!  Where have you BEEN, man?  You're never on AIM anymore. "
4,1824111879,Sun May 17 00:05:09 PDT 2009,NO_QUERY,CissySkywalker,@Ying_Mei I'm in my first year in the university  studying to be a lawyer. And ya?
4,1573752668,Tue Apr 21 02:41:31 PDT 2009,NO_QUERY,PauloFurtado,@dustyedwards mornin' 
4,2179729088,Mon Jun 15 09:30:12 PDT 2009,NO_QUERY,pato_30stm,Lets make &gt;&gt;&gt; #echelonday a Trending Topics! 
0,2058754696,Sat Jun 06 15:33:55 PDT 2009,NO_QUERY,autbabe0428,Home from work... Was missing my maddie bug   Now off to put clothes away and make our bed!!! Maybe sleep in it tonight!!!
4,1675827952,Fri May 01 20:25:31 PDT 2009,NO_QUERY,CorbSilverthorn,"@Sirjohn_writer Catching up on my work, and yes, spending time with those important to me. "
4,2183847200,Mon Jun 15 15:03:59 PDT 2009,NO_QUERY,Tropicando,@blipfish Re: Current Jam. @foxvox you nerd 
4,1551648069,Sat Apr 18 09:36:35 PDT 2009,NO_QUERY,RobynLouise1993,"@LchangetheworLd Hey, thanks for following me "
4,2179177058,Mon Jun 15 08:45:04 PDT 2009,NO_QUERY,allomusic,17h45 - @GoodKarmaBlog courage !  about 1 hour ago from web in reply to GoodKarmaBlog
0,1978513188,Sat May 30 23:35:33 PDT 2009,NO_QUERY,cmoncase,embarrassed. reality check 
4,2015842487,Wed Jun 03 05:38:14 PDT 2009,NO_QUERY,PennDragonArt,@standtrooper  ...I have a good fiend who is also an awesome ATL artist  and worth some follow love  enjoy @clow2ground
0,2194061519,Tue Jun 16 09:17:32 PDT 2009,NO_QUERY,ShadderdGlass,Going to chrio then for blood work blah I hate being sick I've felt gross for the last month 
0,2065197749,Sun Jun 07 08:06:10 PDT 2009,NO_QUERY,gabrielsoaresbr,wake up early tomorrow . 
0,2050009982,Fri Jun 05 17:54:15 PDT 2009,NO_QUERY,acissssej,Watching naruto and josh stole my fruit snacks 
0,2070820798,Sun Jun 07 18:21:14 PDT 2009,NO_QUERY,bhalleyhs,i want someone to cuddle with right now. 
0,2232741622,Thu Jun 18 20:19:48 PDT 2009,NO_QUERY,SLeepdepD,@JudahGabriel i wish i had that much to say 
0,2322448676,Wed Jun 24 22:38:09 PDT 2009,NO_QUERY,felinius,"@forcystus arrrgh, at least you got into stats.  i failed diagnostic exam so i lost my spot. ;_;"
4,1827125746,Sun May 17 10:02:49 PDT 2009,NO_QUERY,MarketingCat,"As a reward, you may download a free copy of EmailUnlimited on http://www.4officeautomation.com "
0,1976621099,Sat May 30 18:36:13 PDT 2009,NO_QUERY,Jezebel816,My brother must hate me. He didn't answer his phone  and he didn't call me back. Either that or he's sleeping or at work. ;)
0,1970405491,Sat May 30 03:44:23 PDT 2009,NO_QUERY,xCandyCaneLanex,"@RenoJacy Wow, who doesn't love me? Mama doesn't "
0,2055097944,Sat Jun 06 08:41:37 PDT 2009,NO_QUERY,pinkykei,needs heLp from a wordpress theme expert  http://plurk.com/p/ywsk3
4,1684873181,Sat May 02 22:18:41 PDT 2009,NO_QUERY,bethahop,"@timTech You mean besides JMay (x5)?  Paul McCartney, James Taylor, Jason Mraz, Amos Lee, Mason Jennings, etc. and Death Cab in 19 hours!!"
4,1693377750,Sun May 03 22:21:54 PDT 2009,NO_QUERY,mmsrocky2,Thinking about a name for my Etsy shop    Any thoughts??
4,2193554652,Tue Jun 16 08:36:57 PDT 2009,NO_QUERY,JenAvila,@unworthysaint Are you having fun? 
4,1955852941,Thu May 28 20:44:11 PDT 2009,NO_QUERY,JCY09,@ysdw Thank-You. 
4,2002223535,Tue Jun 02 03:33:21 PDT 2009,NO_QUERY,neneangg,@vindyeay boleh boleh hehe thanks loh ya vin 
4,2177195017,Mon Jun 15 05:38:45 PDT 2009,NO_QUERY,Cubsgir1,@foxandfriends  Gmornin to you guys from Chicago 
4,1553893253,Sat Apr 18 15:30:02 PDT 2009,NO_QUERY,ciberesfera,@undertheground 
4,2063134801,Sun Jun 07 01:29:45 PDT 2009,NO_QUERY,Khanh_le,@rerunaway follow me !! 
4,2063675581,Sun Jun 07 03:37:53 PDT 2009,NO_QUERY,ctoforaday,@Teanah So how were the booth boys?  Anywhere near as good?  Did they have an anatomically correct Sam Fisher?  
4,2192423855,Tue Jun 16 07:01:02 PDT 2009,NO_QUERY,ihrtstellarkart,watching leah and the boys play with the trains...easy day only 2 kids 
4,2051106910,Fri Jun 05 19:52:32 PDT 2009,NO_QUERY,nykaaa,@chuckoy yes. because i wake up at 10. hahahahah. 
4,1967363479,Fri May 29 19:26:39 PDT 2009,NO_QUERY,Jval1821,"Homemade chicken bake, good friends, and awesome herbs  what more could I want?!?"
4,2188052667,Mon Jun 15 21:13:23 PDT 2009,NO_QUERY,pchobbit,"@duanehoward Hehe I have original Win 3.1.1 floppies, and original Win 95 media too, if you ever need them for something "
4,1989298889,Mon Jun 01 01:02:13 PDT 2009,NO_QUERY,uhohcaitie,@CarloHilton evil wish i was home now im starving lol yeah today was awsome 
4,2049987509,Fri Jun 05 17:51:43 PDT 2009,NO_QUERY,Traverus_Travel,@iamdiddy  This song makes everybody feel better! http://bit.ly/123Xnb  - Blessings and peace to you - we'll be here -  
4,2070580059,Sun Jun 07 17:56:56 PDT 2009,NO_QUERY,aldi26,It's official....veggies taste best hot off the grill in the summer! 
0,2202148109,Tue Jun 16 21:19:01 PDT 2009,NO_QUERY,f0rr357f1r3,I didn't get my free coke glass 
0,2067619204,Sun Jun 07 12:39:52 PDT 2009,NO_QUERY,Joe_McHugh,eaten way too much junk food. feel as if i'm about to explode! not good 
4,2057922279,Sat Jun 06 13:55:17 PDT 2009,NO_QUERY,joannejacobs,"@johnhood Sadly, Bruce Wayne wld never rock up to where I am! Re: macbooks. Nup. I'm grunge geek. Dell XPS M1330 + Advent 4211C. Cheap! "
0,1991058250,Mon Jun 01 06:19:10 PDT 2009,NO_QUERY,CarissaMEB,Why isnt anyone tweeting 
4,1834454871,Mon May 18 03:00:09 PDT 2009,NO_QUERY,nawsher,CellBazaar plug-in for Firefox on your way soon 
4,2069287859,Sun Jun 07 15:36:11 PDT 2009,NO_QUERY,scottfaithfull,@elissastein maybe not but you're still awesome just the same. 
0,1573615885,Tue Apr 21 02:01:05 PDT 2009,NO_QUERY,princessbutterc,@munkimatt yes but I can play while I work with this iPhone!! I smashed my screen on sat  ok add me in facebook!! Lady Vivienne McCourt!
0,2237834545,Fri Jun 19 06:25:55 PDT 2009,NO_QUERY,simba909,Shopping with sis and Alex... I don't feel like shopping when on vacation 
0,1997882236,Mon Jun 01 17:37:11 PDT 2009,NO_QUERY,Seve76,A great hard training weekend is over.  a couple days of rest and lets do it again!  Lots of computer time to put in now 
0,1984948893,Sun May 31 16:07:35 PDT 2009,NO_QUERY,leighannirvine,@Trucco905 yeah i have these extra strength things my mum takes for her leg! and no chemist will be open when i go... god! 
0,1676726411,Fri May 01 22:58:52 PDT 2009,NO_QUERY,shtevo,"RIP Gillybob and Frieda, you guys were good companions. No other fish would've understood me as well as you guys have. "
4,2014020865,Wed Jun 03 00:13:47 PDT 2009,NO_QUERY,tomazstolfa,"@lenartr I use Y!Pipes to personalize my RSS feeds; but sure, this would be a good option for &quot;normal&quot; users "
0,1972485629,Sat May 30 09:18:55 PDT 2009,NO_QUERY,kiwikjh,WTF is going on with the Chiefs? Getting smashed at the 1/2 way point of the S14 final 
4,1753365269,Sun May 10 01:16:58 PDT 2009,NO_QUERY,khachatour,goodnight world.... goodnight eddplant. 
0,2000977193,Mon Jun 01 23:29:17 PDT 2009,NO_QUERY,itzkeylovebaby,Im having weight issues  im upset and scared. [AyshiakiAyana]
4,1964992725,Fri May 29 15:09:01 PDT 2009,NO_QUERY,jimroberts33,Tonight I will be drinking and no I won't be driving. 
0,1996545073,Mon Jun 01 15:15:55 PDT 2009,NO_QUERY,illogicalmonse,My nose got sunburned &amp; now its peeling. Ewww 
4,1880164315,Fri May 22 00:18:21 PDT 2009,NO_QUERY,theREALwerdan,@rhysamos Mercy/austin hospital taken from Heidelberg station platform 2.  And it's a great time not to be at work 
4,2063793971,Sun Jun 07 04:05:57 PDT 2009,NO_QUERY,sbrosinski,"@y0da it's great, cheap and very easy to mount. no vibrations, but of course a HD is never completely silent, need a SSD "
4,1836519534,Mon May 18 08:08:34 PDT 2009,NO_QUERY,_tylerjane,is riding her horse!! ahh i missed him soo much!!!!  p.s. go see the star trek movie ASAP!
0,2251810903,Sat Jun 20 04:39:04 PDT 2009,NO_QUERY,vy_twit,omfg why am I working right now? 
4,2056224211,Sat Jun 06 10:45:12 PDT 2009,NO_QUERY,Polawitch,escuchando the killers 
0,2250659864,Sat Jun 20 01:07:36 PDT 2009,NO_QUERY,LucindaShonna,Crap Steve Jobs had a liver transplant???? Oh man thats not good  LOL
4,1694400466,Mon May 04 02:27:26 PDT 2009,NO_QUERY,Katusic,Is everyone for coffie? 
0,2206157277,Wed Jun 17 06:05:53 PDT 2009,NO_QUERY,Vix_Pix,"Foolishly, I typed m*rketing in my last Tweet (but with an A, not an *) Now have a shed load of related bots (and/or twats) following me. "
4,1696004693,Mon May 04 07:24:48 PDT 2009,NO_QUERY,paulosoxo,@Doctor_Death Well I'm impressed with your technical skillz 
4,2175911416,Mon Jun 15 02:21:29 PDT 2009,NO_QUERY,geekgirlnz,"@bookiemonsternz  any time you like.  When I have transport.    But no prob.   I'm in this business for the fun, and wine is a bonus!"
0,1834824104,Mon May 18 04:19:15 PDT 2009,NO_QUERY,rmappleby,@andysc Probably just different. Welcome to proprietary driver development 
4,1835119036,Mon May 18 05:11:23 PDT 2009,NO_QUERY,Knightwheelrqr,is going to &quot;the school dance&quot; with Phoebe  Oh! My! God!
4,2176115526,Mon Jun 15 02:57:44 PDT 2009,NO_QUERY,Squitherwitch,@cross_harps I didn't read the shoulder bit (so I can't know! haha) will start searching Viggo at toes and work my way up 
4,2001749967,Tue Jun 02 01:56:47 PDT 2009,NO_QUERY,hanrudman,@beyongolia watch out for the pigs heads today 
4,1882384445,Fri May 22 06:46:30 PDT 2009,NO_QUERY,paulbeebe,"#followfriday @RyanHurst @Disklabs - Both computer forensic based tweeters, who also tweet socially. Intereting and amusing "
0,2000611239,Mon Jun 01 22:30:58 PDT 2009,NO_QUERY,setpihi,@mitchelmusso I can't buy the album. I'm sad.  Reason: Australia. Need I say more? Congrats tho and all the best of luck!! &lt;3
0,2186028238,Mon Jun 15 18:15:11 PDT 2009,NO_QUERY,bostonaustin,"Meeting fail, nothing resolved. Going to be a rough week "
0,2249522640,Fri Jun 19 22:29:41 PDT 2009,NO_QUERY,scottvarga,I am helping a good friend get setup on Linkedin  His company is in the process of layingoff. 
0,1881489112,Fri May 22 04:48:14 PDT 2009,NO_QUERY,ria0017,i hate mornings. Even friday mornings. Wish i wasn't so tired.... 
4,1989960194,Mon Jun 01 03:24:44 PDT 2009,NO_QUERY,Mcbob89,School disco tonight  Tattoo tomorrow  15 days till holiday time   Few things to look forward to..
0,1690941467,Sun May 03 16:43:52 PDT 2009,NO_QUERY,Lmorris22,@JefferyPatch LOL definantly not hot haha. And I would for sure cry if u kicked my unhealed boobs 
0,2266549498,Sun Jun 21 08:41:58 PDT 2009,NO_QUERY,Grapesodaa,@chrxs ive looked for days  this is worse then the porn they made for senior citizens..are those new slacks?
0,2233967431,Thu Jun 18 22:11:55 PDT 2009,NO_QUERY,bradwhiteau,"@Hoops_angel Yup, sold out...I tried to get another one last week and all gone  Still looking round but nothing yet."
0,1975450744,Sat May 30 15:11:00 PDT 2009,NO_QUERY,Stylerep,@Cause4Conceit And I luv it!! But I'm very hurt that only Sam Goody had the album in my city and they sold out!! 
4,1957458879,Fri May 29 00:34:01 PDT 2009,NO_QUERY,johnnydonovan,Ah so next weekend I get to kick it w my boys @pacha for my boys 21st fuck yeh.. Normal life 
4,2052588531,Sat Jun 06 01:15:26 PDT 2009,NO_QUERY,clevertitania,"@KateMaxwell Not wrong in the slightest. That's a true broad.  I would also like to make out with her, to suck the smoke from her lungs."
4,1967926304,Fri May 29 20:27:35 PDT 2009,NO_QUERY,Monicavee,Eating arugula strawberry almond salad ... Its fun to say berry 
0,2228087087,Thu Jun 18 14:00:19 PDT 2009,NO_QUERY,AWNG,"Im in da library, noelle and Kayla and connie just left. should i? maybe cuz im really bored. noone 2 chat and laugh with. "
4,1557388764,Sun Apr 19 03:48:44 PDT 2009,NO_QUERY,Pooni,Preparing my official resume today!!!  Welcome to the Real World!!
0,1824947607,Sun May 17 03:39:19 PDT 2009,NO_QUERY,hollicebear,I already miss my bear. 
4,1973931438,Sat May 30 12:06:44 PDT 2009,NO_QUERY,Sunshiiine,its going to be perfect says he. 
0,2182145174,Mon Jun 15 12:46:52 PDT 2009,NO_QUERY,ciuchs,is back to work!  #squarespace
4,2016325024,Wed Jun 03 06:34:45 PDT 2009,NO_QUERY,Kudoskookies,@DineandDish VERY random. Makes you wonder why...especially at 8:00 in the morning. You must be hard to forget 
4,1559613196,Sun Apr 19 11:35:56 PDT 2009,NO_QUERY,jillmyles,@cjredwine @vg_ford Very soothing and unobtrusive to write to. I like it. 
4,1979222489,Sun May 31 02:07:45 PDT 2009,NO_QUERY,nickyy123,@tiddles_thecat Haha I kinda gave up too  Could you tell haha Lol
4,2016157046,Wed Jun 03 06:16:28 PDT 2009,NO_QUERY,MamaAnna,@Alegna75 Morning Nookie AND Swiss cake rolls? Can we switch places for a day?? 
0,1999941032,Mon Jun 01 21:06:16 PDT 2009,NO_QUERY,heycassadee,@JackAllTimeLow I think I'd enjoy it more if it wasn't so smoky  but we'll probably go!
0,2001368679,Tue Jun 02 00:39:33 PDT 2009,NO_QUERY,rogersnotrogers,@MissMarty  on a day like today I'd have loved that!  I only got to my lunch at 430 today 
0,1981657409,Sun May 31 09:37:08 PDT 2009,NO_QUERY,cyberbonn,"@Dansharon - chilling here, have to get back to chores "
4,1693536576,Sun May 03 22:52:30 PDT 2009,NO_QUERY,kkrilanovich,@missamander alright now get that pic up on facebook! 
0,2016514763,Wed Jun 03 06:54:41 PDT 2009,NO_QUERY,tygerzoe,"worse than i suspected, she was so disgusted in me, she wouldn't talk to me, i had to talk to the dentistry-class-taking receptionist, "
4,2057405220,Sat Jun 06 12:56:41 PDT 2009,NO_QUERY,sofsterrawr,"@cessii DONT YOU DARE CALLIN ME A BITCH, BITCH  and btw i said i would CONSIDER it. it doesnt mean im not going!! :O"
0,1989870919,Mon Jun 01 03:05:59 PDT 2009,NO_QUERY,imadreamer143,My throat is still soreeeee  I can't wait until this is overrrrr
4,1469133025,Tue Apr 07 05:19:57 PDT 2009,NO_QUERY,Bowser_Boy,I love the theme song. &quot;It all started with the big bang BANG!!!&quot; 
4,1826962930,Sun May 17 09:41:46 PDT 2009,NO_QUERY,STLwinegirl,"Bay to Breakers in SF today... oh, how I miss those crazy days! Can't wait to see the pics my friends will post "
0,2224714077,Thu Jun 18 09:50:32 PDT 2009,NO_QUERY,Aintialady,@savvygrl Eww.. That looks gross... I am guilty of still eating fish... 
4,2072245653,Sun Jun 07 20:39:42 PDT 2009,NO_QUERY,Aleeshaaa_,@mileycyrus http://twitpic.com/6shtr - Which Myspace Is Yours ? Theres So Many? Arrrgh Cutee Picture 
0,2221749067,Thu Jun 18 05:56:30 PDT 2009,NO_QUERY,AmyKachurak,@justkaty I blame josh &amp; bff ..she was sick earlier &amp; so was josh 
0,2213045674,Wed Jun 17 14:51:56 PDT 2009,NO_QUERY,Caandicee,Need To Start Revising Physics 
0,2189325064,Mon Jun 15 23:46:35 PDT 2009,NO_QUERY,parastoo,7 killed in Tehran yesterday? http://edition.cnn.com/2009/WORLD/meast/06/16/iran.elections.protests/index.html  #IranElection
0,1975977806,Sat May 30 16:19:10 PDT 2009,NO_QUERY,irishchicky28,WTF?! no pounds lost since I stopped the lemon diet!!!!  sux....
4,1695767171,Mon May 04 06:54:10 PDT 2009,NO_QUERY,jenni484,@verabradley I love my Cargo Sling purse in Daisy Daisy!  I wish I would have gotten another one in a different color! 
4,1973071084,Sat May 30 10:25:38 PDT 2009,NO_QUERY,RetroModelSari,watching &quot;Marie Antoinette&quot; tonight. Glamour Galore 
0,2060305699,Sat Jun 06 18:39:28 PDT 2009,NO_QUERY,satyr405,"@GimmeTOKYO that... Actually looks pretty cool, I wanna play too "
